{
    "textures": [{
        "image": "LibraryTexturePackedC.png",
        "format": "RGBA8888",
        "size": {
            "w": 512,
            "h": 512
        },
        "scale": 1,
        "frames": [{
                "filename": "LIbrary_01.png",
                "rotated": false,
                "trimmed": false,
                "sourceSize": {
                    "w": 32,
                    "h": 32
                },
                "spriteSourceSize": {
                    "x": 0,
                    "y": 0,
                    "w": 32,
                    "h": 32
                },
                "frame": {
                    "x": 1,
                    "y": 1,
                    "w": 32,
                    "h": 32
                }
            },
            {
                "filename": "LIbrary_02.png",
                "rotated": false,
                "trimmed": false,
                "sourceSize": {
                    "w": 32,
                    "h": 32
                },
                "spriteSourceSize": {
                    "x": 0,
                    "y": 0,
                    "w": 32,
                    "h": 32
                },
                "frame": {
                    "x": 35,
                    "y": 1,
                    "w": 32,
                    "h": 32
                }
            },
            {
                "filename": "LIbrary_03.png",
                "rotated": false,
                "trimmed": false,
                "sourceSize": {
                    "w": 32,
                    "h": 32
                },
                "spriteSourceSize": {
                    "x": 0,
                    "y": 0,
                    "w": 32,
                    "h": 32
                },
                "frame": {
                    "x": 69,
                    "y": 1,
                    "w": 32,
                    "h": 32
                }
            },
            {
                "filename": "LIbrary_04.png",
                "rotated": false,
                "trimmed": false,
                "sourceSize": {
                    "w": 32,
                    "h": 32
                },
                "spriteSourceSize": {
                    "x": 0,
                    "y": 0,
                    "w": 32,
                    "h": 32
                },
                "frame": {
                    "x": 103,
                    "y": 1,
                    "w": 32,
                    "h": 32
                }
            },
            {
                "filename": "LIbrary_05.png",
                "rotated": false,
                "trimmed": false,
                "sourceSize": {
                    "w": 32,
                    "h": 32
                },
                "spriteSourceSize": {
                    "x": 0,
                    "y": 0,
                    "w": 32,
                    "h": 32
                },
                "frame": {
                    "x": 137,
                    "y": 1,
                    "w": 32,
                    "h": 32
                }
            },
            {
                "filename": "LIbrary_06.png",
                "rotated": false,
                "trimmed": false,
                "sourceSize": {
                    "w": 32,
                    "h": 32
                },
                "spriteSourceSize": {
                    "x": 0,
                    "y": 0,
                    "w": 32,
                    "h": 32
                },
                "frame": {
                    "x": 171,
                    "y": 1,
                    "w": 32,
                    "h": 32
                }
            },
            {
                "filename": "LIbrary_07.png",
                "rotated": false,
                "trimmed": false,
                "sourceSize": {
                    "w": 32,
                    "h": 32
                },
                "spriteSourceSize": {
                    "x": 0,
                    "y": 0,
                    "w": 32,
                    "h": 32
                },
                "frame": {
                    "x": 205,
                    "y": 1,
                    "w": 32,
                    "h": 32
                }
            },
            {
                "filename": "LIbrary_08.png",
                "rotated": false,
                "trimmed": false,
                "sourceSize": {
                    "w": 32,
                    "h": 32
                },
                "spriteSourceSize": {
                    "x": 0,
                    "y": 0,
                    "w": 32,
                    "h": 32
                },
                "frame": {
                    "x": 239,
                    "y": 1,
                    "w": 32,
                    "h": 32
                }
            },
            {
                "filename": "LIbrary_09.png",
                "rotated": false,
                "trimmed": false,
                "sourceSize": {
                    "w": 32,
                    "h": 32
                },
                "spriteSourceSize": {
                    "x": 0,
                    "y": 0,
                    "w": 32,
                    "h": 32
                },
                "frame": {
                    "x": 273,
                    "y": 1,
                    "w": 32,
                    "h": 32
                }
            },
            {
                "filename": "LIbrary_10.png",
                "rotated": false,
                "trimmed": false,
                "sourceSize": {
                    "w": 32,
                    "h": 32
                },
                "spriteSourceSize": {
                    "x": 0,
                    "y": 0,
                    "w": 32,
                    "h": 32
                },
                "frame": {
                    "x": 307,
                    "y": 1,
                    "w": 32,
                    "h": 32
                }
            },
            {
                "filename": "LIbrary_11.png",
                "rotated": false,
                "trimmed": false,
                "sourceSize": {
                    "w": 32,
                    "h": 32
                },
                "spriteSourceSize": {
                    "x": 0,
                    "y": 0,
                    "w": 32,
                    "h": 32
                },
                "frame": {
                    "x": 341,
                    "y": 1,
                    "w": 32,
                    "h": 32
                }
            },
            {
                "filename": "LIbrary_12.png",
                "rotated": false,
                "trimmed": false,
                "sourceSize": {
                    "w": 32,
                    "h": 32
                },
                "spriteSourceSize": {
                    "x": 0,
                    "y": 0,
                    "w": 32,
                    "h": 32
                },
                "frame": {
                    "x": 375,
                    "y": 1,
                    "w": 32,
                    "h": 32
                }
            },
            {
                "filename": "LIbrary_13.png",
                "rotated": false,
                "trimmed": false,
                "sourceSize": {
                    "w": 32,
                    "h": 32
                },
                "spriteSourceSize": {
                    "x": 0,
                    "y": 0,
                    "w": 32,
                    "h": 32
                },
                "frame": {
                    "x": 409,
                    "y": 1,
                    "w": 32,
                    "h": 32
                }
            },
            {
                "filename": "LIbrary_14.png",
                "rotated": false,
                "trimmed": false,
                "sourceSize": {
                    "w": 32,
                    "h": 32
                },
                "spriteSourceSize": {
                    "x": 0,
                    "y": 0,
                    "w": 32,
                    "h": 32
                },
                "frame": {
                    "x": 443,
                    "y": 1,
                    "w": 32,
                    "h": 32
                }
            },
            {
                "filename": "LIbrary_15.png",
                "rotated": false,
                "trimmed": false,
                "sourceSize": {
                    "w": 32,
                    "h": 32
                },
                "spriteSourceSize": {
                    "x": 0,
                    "y": 0,
                    "w": 32,
                    "h": 32
                },
                "frame": {
                    "x": 477,
                    "y": 1,
                    "w": 32,
                    "h": 32
                }
            },
            {
                "filename": "LIbrary_16.png",
                "rotated": false,
                "trimmed": false,
                "sourceSize": {
                    "w": 32,
                    "h": 32
                },
                "spriteSourceSize": {
                    "x": 0,
                    "y": 0,
                    "w": 32,
                    "h": 32
                },
                "frame": {
                    "x": 1,
                    "y": 35,
                    "w": 32,
                    "h": 32
                }
            },
            {
                "filename": "LIbrary_17.png",
                "rotated": false,
                "trimmed": false,
                "sourceSize": {
                    "w": 32,
                    "h": 32
                },
                "spriteSourceSize": {
                    "x": 0,
                    "y": 0,
                    "w": 32,
                    "h": 32
                },
                "frame": {
                    "x": 35,
                    "y": 35,
                    "w": 32,
                    "h": 32
                }
            },
            {
                "filename": "LIbrary_18.png",
                "rotated": false,
                "trimmed": false,
                "sourceSize": {
                    "w": 32,
                    "h": 32
                },
                "spriteSourceSize": {
                    "x": 0,
                    "y": 0,
                    "w": 32,
                    "h": 32
                },
                "frame": {
                    "x": 69,
                    "y": 35,
                    "w": 32,
                    "h": 32
                }
            },
            {
                "filename": "LIbrary_19.png",
                "rotated": false,
                "trimmed": false,
                "sourceSize": {
                    "w": 32,
                    "h": 32
                },
                "spriteSourceSize": {
                    "x": 0,
                    "y": 0,
                    "w": 32,
                    "h": 32
                },
                "frame": {
                    "x": 103,
                    "y": 35,
                    "w": 32,
                    "h": 32
                }
            },
            {
                "filename": "LIbrary_20.png",
                "rotated": false,
                "trimmed": false,
                "sourceSize": {
                    "w": 32,
                    "h": 32
                },
                "spriteSourceSize": {
                    "x": 0,
                    "y": 0,
                    "w": 32,
                    "h": 32
                },
                "frame": {
                    "x": 137,
                    "y": 35,
                    "w": 32,
                    "h": 32
                }
            },
            {
                "filename": "LIbrary_21.png",
                "rotated": false,
                "trimmed": false,
                "sourceSize": {
                    "w": 32,
                    "h": 32
                },
                "spriteSourceSize": {
                    "x": 0,
                    "y": 0,
                    "w": 32,
                    "h": 32
                },
                "frame": {
                    "x": 171,
                    "y": 35,
                    "w": 32,
                    "h": 32
                }
            },
            {
                "filename": "LIbrary_22.png",
                "rotated": false,
                "trimmed": false,
                "sourceSize": {
                    "w": 32,
                    "h": 32
                },
                "spriteSourceSize": {
                    "x": 0,
                    "y": 0,
                    "w": 32,
                    "h": 32
                },
                "frame": {
                    "x": 205,
                    "y": 35,
                    "w": 32,
                    "h": 32
                }
            },
            {
                "filename": "LIbrary_23.png",
                "rotated": false,
                "trimmed": false,
                "sourceSize": {
                    "w": 32,
                    "h": 32
                },
                "spriteSourceSize": {
                    "x": 0,
                    "y": 0,
                    "w": 32,
                    "h": 32
                },
                "frame": {
                    "x": 239,
                    "y": 35,
                    "w": 32,
                    "h": 32
                }
            },
            {
                "filename": "LIbrary_24.png",
                "rotated": false,
                "trimmed": false,
                "sourceSize": {
                    "w": 32,
                    "h": 32
                },
                "spriteSourceSize": {
                    "x": 0,
                    "y": 0,
                    "w": 32,
                    "h": 32
                },
                "frame": {
                    "x": 273,
                    "y": 35,
                    "w": 32,
                    "h": 32
                }
            },
            {
                "filename": "LIbrary_25.png",
                "rotated": false,
                "trimmed": false,
                "sourceSize": {
                    "w": 32,
                    "h": 32
                },
                "spriteSourceSize": {
                    "x": 0,
                    "y": 0,
                    "w": 32,
                    "h": 32
                },
                "frame": {
                    "x": 307,
                    "y": 35,
                    "w": 32,
                    "h": 32
                }
            },
            {
                "filename": "LIbrary_26.png",
                "rotated": false,
                "trimmed": false,
                "sourceSize": {
                    "w": 32,
                    "h": 32
                },
                "spriteSourceSize": {
                    "x": 0,
                    "y": 0,
                    "w": 32,
                    "h": 32
                },
                "frame": {
                    "x": 341,
                    "y": 35,
                    "w": 32,
                    "h": 32
                }
            },
            {
                "filename": "LIbrary_27.png",
                "rotated": false,
                "trimmed": false,
                "sourceSize": {
                    "w": 32,
                    "h": 32
                },
                "spriteSourceSize": {
                    "x": 0,
                    "y": 0,
                    "w": 32,
                    "h": 32
                },
                "frame": {
                    "x": 375,
                    "y": 35,
                    "w": 32,
                    "h": 32
                }
            },
            {
                "filename": "LIbrary_28.png",
                "rotated": false,
                "trimmed": false,
                "sourceSize": {
                    "w": 32,
                    "h": 32
                },
                "spriteSourceSize": {
                    "x": 0,
                    "y": 0,
                    "w": 32,
                    "h": 32
                },
                "frame": {
                    "x": 409,
                    "y": 35,
                    "w": 32,
                    "h": 32
                }
            },
            {
                "filename": "LIbrary_29.png",
                "rotated": false,
                "trimmed": false,
                "sourceSize": {
                    "w": 32,
                    "h": 32
                },
                "spriteSourceSize": {
                    "x": 0,
                    "y": 0,
                    "w": 32,
                    "h": 32
                },
                "frame": {
                    "x": 443,
                    "y": 35,
                    "w": 32,
                    "h": 32
                }
            },
            {
                "filename": "LIbrary_30.png",
                "rotated": false,
                "trimmed": false,
                "sourceSize": {
                    "w": 32,
                    "h": 32
                },
                "spriteSourceSize": {
                    "x": 0,
                    "y": 0,
                    "w": 32,
                    "h": 32
                },
                "frame": {
                    "x": 477,
                    "y": 35,
                    "w": 32,
                    "h": 32
                }
            },
            {
                "filename": "LIbrary_31.png",
                "rotated": false,
                "trimmed": false,
                "sourceSize": {
                    "w": 32,
                    "h": 32
                },
                "spriteSourceSize": {
                    "x": 0,
                    "y": 0,
                    "w": 32,
                    "h": 32
                },
                "frame": {
                    "x": 1,
                    "y": 69,
                    "w": 32,
                    "h": 32
                }
            },
            {
                "filename": "LIbrary_32.png",
                "rotated": false,
                "trimmed": false,
                "sourceSize": {
                    "w": 32,
                    "h": 32
                },
                "spriteSourceSize": {
                    "x": 0,
                    "y": 0,
                    "w": 32,
                    "h": 32
                },
                "frame": {
                    "x": 35,
                    "y": 69,
                    "w": 32,
                    "h": 32
                }
            },
            {
                "filename": "LIbrary_33.png",
                "rotated": false,
                "trimmed": false,
                "sourceSize": {
                    "w": 32,
                    "h": 32
                },
                "spriteSourceSize": {
                    "x": 0,
                    "y": 0,
                    "w": 32,
                    "h": 32
                },
                "frame": {
                    "x": 69,
                    "y": 69,
                    "w": 32,
                    "h": 32
                }
            },
            {
                "filename": "LIbrary_34.png",
                "rotated": false,
                "trimmed": false,
                "sourceSize": {
                    "w": 32,
                    "h": 32
                },
                "spriteSourceSize": {
                    "x": 0,
                    "y": 0,
                    "w": 32,
                    "h": 32
                },
                "frame": {
                    "x": 103,
                    "y": 69,
                    "w": 32,
                    "h": 32
                }
            },
            {
                "filename": "LIbrary_35.png",
                "rotated": false,
                "trimmed": false,
                "sourceSize": {
                    "w": 32,
                    "h": 32
                },
                "spriteSourceSize": {
                    "x": 0,
                    "y": 0,
                    "w": 32,
                    "h": 32
                },
                "frame": {
                    "x": 137,
                    "y": 69,
                    "w": 32,
                    "h": 32
                }
            },
            {
                "filename": "LIbrary_36.png",
                "rotated": false,
                "trimmed": false,
                "sourceSize": {
                    "w": 32,
                    "h": 32
                },
                "spriteSourceSize": {
                    "x": 0,
                    "y": 0,
                    "w": 32,
                    "h": 32
                },
                "frame": {
                    "x": 171,
                    "y": 69,
                    "w": 32,
                    "h": 32
                }
            },
            {
                "filename": "LIbrary_37.png",
                "rotated": false,
                "trimmed": false,
                "sourceSize": {
                    "w": 32,
                    "h": 32
                },
                "spriteSourceSize": {
                    "x": 0,
                    "y": 0,
                    "w": 32,
                    "h": 32
                },
                "frame": {
                    "x": 205,
                    "y": 69,
                    "w": 32,
                    "h": 32
                }
            },
            {
                "filename": "LIbrary_38.png",
                "rotated": false,
                "trimmed": false,
                "sourceSize": {
                    "w": 32,
                    "h": 32
                },
                "spriteSourceSize": {
                    "x": 0,
                    "y": 0,
                    "w": 32,
                    "h": 32
                },
                "frame": {
                    "x": 239,
                    "y": 69,
                    "w": 32,
                    "h": 32
                }
            },
            {
                "filename": "LIbrary_39.png",
                "rotated": false,
                "trimmed": false,
                "sourceSize": {
                    "w": 32,
                    "h": 32
                },
                "spriteSourceSize": {
                    "x": 0,
                    "y": 0,
                    "w": 32,
                    "h": 32
                },
                "frame": {
                    "x": 273,
                    "y": 69,
                    "w": 32,
                    "h": 32
                }
            },
            {
                "filename": "LIbrary_40.png",
                "rotated": false,
                "trimmed": false,
                "sourceSize": {
                    "w": 32,
                    "h": 32
                },
                "spriteSourceSize": {
                    "x": 0,
                    "y": 0,
                    "w": 32,
                    "h": 32
                },
                "frame": {
                    "x": 307,
                    "y": 69,
                    "w": 32,
                    "h": 32
                }
            },
            {
                "filename": "LIbrary_41.png",
                "rotated": false,
                "trimmed": false,
                "sourceSize": {
                    "w": 32,
                    "h": 32
                },
                "spriteSourceSize": {
                    "x": 0,
                    "y": 0,
                    "w": 32,
                    "h": 32
                },
                "frame": {
                    "x": 341,
                    "y": 69,
                    "w": 32,
                    "h": 32
                }
            },
            {
                "filename": "LIbrary_42.png",
                "rotated": false,
                "trimmed": false,
                "sourceSize": {
                    "w": 32,
                    "h": 32
                },
                "spriteSourceSize": {
                    "x": 0,
                    "y": 0,
                    "w": 32,
                    "h": 32
                },
                "frame": {
                    "x": 375,
                    "y": 69,
                    "w": 32,
                    "h": 32
                }
            },
            {
                "filename": "LIbrary_43.png",
                "rotated": false,
                "trimmed": false,
                "sourceSize": {
                    "w": 32,
                    "h": 32
                },
                "spriteSourceSize": {
                    "x": 0,
                    "y": 0,
                    "w": 32,
                    "h": 32
                },
                "frame": {
                    "x": 409,
                    "y": 69,
                    "w": 32,
                    "h": 32
                }
            },
            {
                "filename": "LIbrary_44.png",
                "rotated": false,
                "trimmed": false,
                "sourceSize": {
                    "w": 32,
                    "h": 32
                },
                "spriteSourceSize": {
                    "x": 0,
                    "y": 0,
                    "w": 32,
                    "h": 32
                },
                "frame": {
                    "x": 443,
                    "y": 69,
                    "w": 32,
                    "h": 32
                }
            },
            {
                "filename": "LIbrary_45.png",
                "rotated": false,
                "trimmed": false,
                "sourceSize": {
                    "w": 32,
                    "h": 32
                },
                "spriteSourceSize": {
                    "x": 0,
                    "y": 0,
                    "w": 32,
                    "h": 32
                },
                "frame": {
                    "x": 477,
                    "y": 69,
                    "w": 32,
                    "h": 32
                }
            },
            {
                "filename": "LIbrary_46.png",
                "rotated": false,
                "trimmed": false,
                "sourceSize": {
                    "w": 32,
                    "h": 32
                },
                "spriteSourceSize": {
                    "x": 0,
                    "y": 0,
                    "w": 32,
                    "h": 32
                },
                "frame": {
                    "x": 1,
                    "y": 103,
                    "w": 32,
                    "h": 32
                }
            },
            {
                "filename": "LIbrary_47.png",
                "rotated": false,
                "trimmed": false,
                "sourceSize": {
                    "w": 32,
                    "h": 32
                },
                "spriteSourceSize": {
                    "x": 0,
                    "y": 0,
                    "w": 32,
                    "h": 32
                },
                "frame": {
                    "x": 35,
                    "y": 103,
                    "w": 32,
                    "h": 32
                }
            },
            {
                "filename": "LIbrary_48.png",
                "rotated": false,
                "trimmed": false,
                "sourceSize": {
                    "w": 32,
                    "h": 32
                },
                "spriteSourceSize": {
                    "x": 0,
                    "y": 0,
                    "w": 32,
                    "h": 32
                },
                "frame": {
                    "x": 69,
                    "y": 103,
                    "w": 32,
                    "h": 32
                }
            },
            {
                "filename": "LIbrary_49.png",
                "rotated": false,
                "trimmed": false,
                "sourceSize": {
                    "w": 32,
                    "h": 32
                },
                "spriteSourceSize": {
                    "x": 0,
                    "y": 0,
                    "w": 32,
                    "h": 32
                },
                "frame": {
                    "x": 103,
                    "y": 103,
                    "w": 32,
                    "h": 32
                }
            },
            {
                "filename": "LIbrary_50.png",
                "rotated": false,
                "trimmed": false,
                "sourceSize": {
                    "w": 32,
                    "h": 32
                },
                "spriteSourceSize": {
                    "x": 0,
                    "y": 0,
                    "w": 32,
                    "h": 32
                },
                "frame": {
                    "x": 137,
                    "y": 103,
                    "w": 32,
                    "h": 32
                }
            },
            {
                "filename": "LIbrary_51.png",
                "rotated": false,
                "trimmed": false,
                "sourceSize": {
                    "w": 32,
                    "h": 32
                },
                "spriteSourceSize": {
                    "x": 0,
                    "y": 0,
                    "w": 32,
                    "h": 32
                },
                "frame": {
                    "x": 171,
                    "y": 103,
                    "w": 32,
                    "h": 32
                }
            },
            {
                "filename": "LIbrary_52.png",
                "rotated": false,
                "trimmed": false,
                "sourceSize": {
                    "w": 32,
                    "h": 32
                },
                "spriteSourceSize": {
                    "x": 0,
                    "y": 0,
                    "w": 32,
                    "h": 32
                },
                "frame": {
                    "x": 205,
                    "y": 103,
                    "w": 32,
                    "h": 32
                }
            },
            {
                "filename": "LIbrary_53.png",
                "rotated": false,
                "trimmed": false,
                "sourceSize": {
                    "w": 32,
                    "h": 32
                },
                "spriteSourceSize": {
                    "x": 0,
                    "y": 0,
                    "w": 32,
                    "h": 32
                },
                "frame": {
                    "x": 239,
                    "y": 103,
                    "w": 32,
                    "h": 32
                }
            },
            {
                "filename": "LIbrary_54.png",
                "rotated": false,
                "trimmed": false,
                "sourceSize": {
                    "w": 32,
                    "h": 32
                },
                "spriteSourceSize": {
                    "x": 0,
                    "y": 0,
                    "w": 32,
                    "h": 32
                },
                "frame": {
                    "x": 273,
                    "y": 103,
                    "w": 32,
                    "h": 32
                }
            },
            {
                "filename": "LIbrary_55.png",
                "rotated": false,
                "trimmed": false,
                "sourceSize": {
                    "w": 32,
                    "h": 32
                },
                "spriteSourceSize": {
                    "x": 0,
                    "y": 0,
                    "w": 32,
                    "h": 32
                },
                "frame": {
                    "x": 307,
                    "y": 103,
                    "w": 32,
                    "h": 32
                }
            },
            {
                "filename": "LIbrary_56.png",
                "rotated": false,
                "trimmed": false,
                "sourceSize": {
                    "w": 32,
                    "h": 32
                },
                "spriteSourceSize": {
                    "x": 0,
                    "y": 0,
                    "w": 32,
                    "h": 32
                },
                "frame": {
                    "x": 341,
                    "y": 103,
                    "w": 32,
                    "h": 32
                }
            },
            {
                "filename": "LIbrary_57.png",
                "rotated": false,
                "trimmed": false,
                "sourceSize": {
                    "w": 32,
                    "h": 32
                },
                "spriteSourceSize": {
                    "x": 0,
                    "y": 0,
                    "w": 32,
                    "h": 32
                },
                "frame": {
                    "x": 375,
                    "y": 103,
                    "w": 32,
                    "h": 32
                }
            },
            {
                "filename": "LIbrary_58.png",
                "rotated": false,
                "trimmed": false,
                "sourceSize": {
                    "w": 32,
                    "h": 32
                },
                "spriteSourceSize": {
                    "x": 0,
                    "y": 0,
                    "w": 32,
                    "h": 32
                },
                "frame": {
                    "x": 409,
                    "y": 103,
                    "w": 32,
                    "h": 32
                }
            },
            {
                "filename": "LIbrary_59.png",
                "rotated": false,
                "trimmed": false,
                "sourceSize": {
                    "w": 32,
                    "h": 32
                },
                "spriteSourceSize": {
                    "x": 0,
                    "y": 0,
                    "w": 32,
                    "h": 32
                },
                "frame": {
                    "x": 443,
                    "y": 103,
                    "w": 32,
                    "h": 32
                }
            },
            {
                "filename": "LIbrary_60.png",
                "rotated": false,
                "trimmed": false,
                "sourceSize": {
                    "w": 32,
                    "h": 32
                },
                "spriteSourceSize": {
                    "x": 0,
                    "y": 0,
                    "w": 32,
                    "h": 32
                },
                "frame": {
                    "x": 477,
                    "y": 103,
                    "w": 32,
                    "h": 32
                }
            },
            {
                "filename": "LIbrary_61.png",
                "rotated": false,
                "trimmed": false,
                "sourceSize": {
                    "w": 32,
                    "h": 32
                },
                "spriteSourceSize": {
                    "x": 0,
                    "y": 0,
                    "w": 32,
                    "h": 32
                },
                "frame": {
                    "x": 1,
                    "y": 137,
                    "w": 32,
                    "h": 32
                }
            },
            {
                "filename": "LIbrary_62.png",
                "rotated": false,
                "trimmed": false,
                "sourceSize": {
                    "w": 32,
                    "h": 32
                },
                "spriteSourceSize": {
                    "x": 0,
                    "y": 0,
                    "w": 32,
                    "h": 32
                },
                "frame": {
                    "x": 35,
                    "y": 137,
                    "w": 32,
                    "h": 32
                }
            },
            {
                "filename": "LIbrary_63.png",
                "rotated": false,
                "trimmed": false,
                "sourceSize": {
                    "w": 32,
                    "h": 32
                },
                "spriteSourceSize": {
                    "x": 0,
                    "y": 0,
                    "w": 32,
                    "h": 32
                },
                "frame": {
                    "x": 69,
                    "y": 137,
                    "w": 32,
                    "h": 32
                }
            },
            {
                "filename": "LIbrary_64.png",
                "rotated": false,
                "trimmed": false,
                "sourceSize": {
                    "w": 32,
                    "h": 32
                },
                "spriteSourceSize": {
                    "x": 0,
                    "y": 0,
                    "w": 32,
                    "h": 32
                },
                "frame": {
                    "x": 103,
                    "y": 137,
                    "w": 32,
                    "h": 32
                }
            },
            {
                "filename": "LIbrary_65.png",
                "rotated": false,
                "trimmed": false,
                "sourceSize": {
                    "w": 32,
                    "h": 32
                },
                "spriteSourceSize": {
                    "x": 0,
                    "y": 0,
                    "w": 32,
                    "h": 32
                },
                "frame": {
                    "x": 137,
                    "y": 137,
                    "w": 32,
                    "h": 32
                }
            },
            {
                "filename": "LIbrary_66.png",
                "rotated": false,
                "trimmed": false,
                "sourceSize": {
                    "w": 32,
                    "h": 32
                },
                "spriteSourceSize": {
                    "x": 0,
                    "y": 0,
                    "w": 32,
                    "h": 32
                },
                "frame": {
                    "x": 171,
                    "y": 137,
                    "w": 32,
                    "h": 32
                }
            },
            {
                "filename": "LIbrary_67.png",
                "rotated": false,
                "trimmed": false,
                "sourceSize": {
                    "w": 32,
                    "h": 32
                },
                "spriteSourceSize": {
                    "x": 0,
                    "y": 0,
                    "w": 32,
                    "h": 32
                },
                "frame": {
                    "x": 205,
                    "y": 137,
                    "w": 32,
                    "h": 32
                }
            },
            {
                "filename": "LIbrary_68.png",
                "rotated": false,
                "trimmed": false,
                "sourceSize": {
                    "w": 32,
                    "h": 32
                },
                "spriteSourceSize": {
                    "x": 0,
                    "y": 0,
                    "w": 32,
                    "h": 32
                },
                "frame": {
                    "x": 239,
                    "y": 137,
                    "w": 32,
                    "h": 32
                }
            },
            {
                "filename": "LIbrary_69.png",
                "rotated": false,
                "trimmed": false,
                "sourceSize": {
                    "w": 32,
                    "h": 32
                },
                "spriteSourceSize": {
                    "x": 0,
                    "y": 0,
                    "w": 32,
                    "h": 32
                },
                "frame": {
                    "x": 273,
                    "y": 137,
                    "w": 32,
                    "h": 32
                }
            },
            {
                "filename": "LIbrary_70.png",
                "rotated": false,
                "trimmed": false,
                "sourceSize": {
                    "w": 32,
                    "h": 32
                },
                "spriteSourceSize": {
                    "x": 0,
                    "y": 0,
                    "w": 32,
                    "h": 32
                },
                "frame": {
                    "x": 307,
                    "y": 137,
                    "w": 32,
                    "h": 32
                }
            },
            {
                "filename": "LIbrary_71.png",
                "rotated": false,
                "trimmed": false,
                "sourceSize": {
                    "w": 32,
                    "h": 32
                },
                "spriteSourceSize": {
                    "x": 0,
                    "y": 0,
                    "w": 32,
                    "h": 32
                },
                "frame": {
                    "x": 341,
                    "y": 137,
                    "w": 32,
                    "h": 32
                }
            },
            {
                "filename": "LIbrary_72.png",
                "rotated": false,
                "trimmed": false,
                "sourceSize": {
                    "w": 32,
                    "h": 32
                },
                "spriteSourceSize": {
                    "x": 0,
                    "y": 0,
                    "w": 32,
                    "h": 32
                },
                "frame": {
                    "x": 375,
                    "y": 137,
                    "w": 32,
                    "h": 32
                }
            },
            {
                "filename": "LIbrary_73.png",
                "rotated": false,
                "trimmed": false,
                "sourceSize": {
                    "w": 32,
                    "h": 32
                },
                "spriteSourceSize": {
                    "x": 0,
                    "y": 0,
                    "w": 32,
                    "h": 32
                },
                "frame": {
                    "x": 409,
                    "y": 137,
                    "w": 32,
                    "h": 32
                }
            },
            {
                "filename": "LIbrary_74.png",
                "rotated": false,
                "trimmed": false,
                "sourceSize": {
                    "w": 32,
                    "h": 32
                },
                "spriteSourceSize": {
                    "x": 0,
                    "y": 0,
                    "w": 32,
                    "h": 32
                },
                "frame": {
                    "x": 443,
                    "y": 137,
                    "w": 32,
                    "h": 32
                }
            },
            {
                "filename": "LIbrary_75.png",
                "rotated": false,
                "trimmed": false,
                "sourceSize": {
                    "w": 32,
                    "h": 32
                },
                "spriteSourceSize": {
                    "x": 0,
                    "y": 0,
                    "w": 32,
                    "h": 32
                },
                "frame": {
                    "x": 477,
                    "y": 137,
                    "w": 32,
                    "h": 32
                }
            },
            {
                "filename": "LIbrary_76.png",
                "rotated": false,
                "trimmed": false,
                "sourceSize": {
                    "w": 32,
                    "h": 32
                },
                "spriteSourceSize": {
                    "x": 0,
                    "y": 0,
                    "w": 32,
                    "h": 32
                },
                "frame": {
                    "x": 1,
                    "y": 171,
                    "w": 32,
                    "h": 32
                }
            },
            {
                "filename": "LIbrary_77.png",
                "rotated": false,
                "trimmed": false,
                "sourceSize": {
                    "w": 32,
                    "h": 32
                },
                "spriteSourceSize": {
                    "x": 0,
                    "y": 0,
                    "w": 32,
                    "h": 32
                },
                "frame": {
                    "x": 35,
                    "y": 171,
                    "w": 32,
                    "h": 32
                }
            },
            {
                "filename": "LIbrary_78.png",
                "rotated": false,
                "trimmed": false,
                "sourceSize": {
                    "w": 32,
                    "h": 32
                },
                "spriteSourceSize": {
                    "x": 0,
                    "y": 0,
                    "w": 32,
                    "h": 32
                },
                "frame": {
                    "x": 69,
                    "y": 171,
                    "w": 32,
                    "h": 32
                }
            },
            {
                "filename": "LIbrary_79.png",
                "rotated": false,
                "trimmed": false,
                "sourceSize": {
                    "w": 32,
                    "h": 32
                },
                "spriteSourceSize": {
                    "x": 0,
                    "y": 0,
                    "w": 32,
                    "h": 32
                },
                "frame": {
                    "x": 103,
                    "y": 171,
                    "w": 32,
                    "h": 32
                }
            },
            {
                "filename": "LIbrary_80.png",
                "rotated": false,
                "trimmed": false,
                "sourceSize": {
                    "w": 32,
                    "h": 32
                },
                "spriteSourceSize": {
                    "x": 0,
                    "y": 0,
                    "w": 32,
                    "h": 32
                },
                "frame": {
                    "x": 137,
                    "y": 171,
                    "w": 32,
                    "h": 32
                }
            },
            {
                "filename": "LIbrary_81.png",
                "rotated": false,
                "trimmed": false,
                "sourceSize": {
                    "w": 32,
                    "h": 32
                },
                "spriteSourceSize": {
                    "x": 0,
                    "y": 0,
                    "w": 32,
                    "h": 32
                },
                "frame": {
                    "x": 171,
                    "y": 171,
                    "w": 32,
                    "h": 32
                }
            },
            {
                "filename": "LIbrary_82.png",
                "rotated": false,
                "trimmed": false,
                "sourceSize": {
                    "w": 32,
                    "h": 32
                },
                "spriteSourceSize": {
                    "x": 0,
                    "y": 0,
                    "w": 32,
                    "h": 32
                },
                "frame": {
                    "x": 205,
                    "y": 171,
                    "w": 32,
                    "h": 32
                }
            },
            {
                "filename": "LIbrary_83.png",
                "rotated": false,
                "trimmed": false,
                "sourceSize": {
                    "w": 32,
                    "h": 32
                },
                "spriteSourceSize": {
                    "x": 0,
                    "y": 0,
                    "w": 32,
                    "h": 32
                },
                "frame": {
                    "x": 239,
                    "y": 171,
                    "w": 32,
                    "h": 32
                }
            },
            {
                "filename": "LIbrary_84.png",
                "rotated": false,
                "trimmed": false,
                "sourceSize": {
                    "w": 32,
                    "h": 32
                },
                "spriteSourceSize": {
                    "x": 0,
                    "y": 0,
                    "w": 32,
                    "h": 32
                },
                "frame": {
                    "x": 273,
                    "y": 171,
                    "w": 32,
                    "h": 32
                }
            },
            {
                "filename": "LIbrary_85.png",
                "rotated": false,
                "trimmed": false,
                "sourceSize": {
                    "w": 32,
                    "h": 32
                },
                "spriteSourceSize": {
                    "x": 0,
                    "y": 0,
                    "w": 32,
                    "h": 32
                },
                "frame": {
                    "x": 307,
                    "y": 171,
                    "w": 32,
                    "h": 32
                }
            },
            {
                "filename": "LIbrary_86.png",
                "rotated": false,
                "trimmed": false,
                "sourceSize": {
                    "w": 32,
                    "h": 32
                },
                "spriteSourceSize": {
                    "x": 0,
                    "y": 0,
                    "w": 32,
                    "h": 32
                },
                "frame": {
                    "x": 341,
                    "y": 171,
                    "w": 32,
                    "h": 32
                }
            },
            {
                "filename": "LIbrary_87.png",
                "rotated": false,
                "trimmed": false,
                "sourceSize": {
                    "w": 32,
                    "h": 32
                },
                "spriteSourceSize": {
                    "x": 0,
                    "y": 0,
                    "w": 32,
                    "h": 32
                },
                "frame": {
                    "x": 375,
                    "y": 171,
                    "w": 32,
                    "h": 32
                }
            },
            {
                "filename": "LIbrary_88.png",
                "rotated": false,
                "trimmed": false,
                "sourceSize": {
                    "w": 32,
                    "h": 32
                },
                "spriteSourceSize": {
                    "x": 0,
                    "y": 0,
                    "w": 32,
                    "h": 32
                },
                "frame": {
                    "x": 409,
                    "y": 171,
                    "w": 32,
                    "h": 32
                }
            },
            {
                "filename": "LIbrary_89.png",
                "rotated": false,
                "trimmed": false,
                "sourceSize": {
                    "w": 32,
                    "h": 32
                },
                "spriteSourceSize": {
                    "x": 0,
                    "y": 0,
                    "w": 32,
                    "h": 32
                },
                "frame": {
                    "x": 443,
                    "y": 171,
                    "w": 32,
                    "h": 32
                }
            },
            {
                "filename": "LIbrary_90.png",
                "rotated": false,
                "trimmed": false,
                "sourceSize": {
                    "w": 32,
                    "h": 32
                },
                "spriteSourceSize": {
                    "x": 0,
                    "y": 0,
                    "w": 32,
                    "h": 32
                },
                "frame": {
                    "x": 477,
                    "y": 171,
                    "w": 32,
                    "h": 32
                }
            },
            {
                "filename": "LIbrary_91.png",
                "rotated": false,
                "trimmed": false,
                "sourceSize": {
                    "w": 32,
                    "h": 32
                },
                "spriteSourceSize": {
                    "x": 0,
                    "y": 0,
                    "w": 32,
                    "h": 32
                },
                "frame": {
                    "x": 1,
                    "y": 205,
                    "w": 32,
                    "h": 32
                }
            },
            {
                "filename": "LIbrary_92.png",
                "rotated": false,
                "trimmed": false,
                "sourceSize": {
                    "w": 32,
                    "h": 32
                },
                "spriteSourceSize": {
                    "x": 0,
                    "y": 0,
                    "w": 32,
                    "h": 32
                },
                "frame": {
                    "x": 35,
                    "y": 205,
                    "w": 32,
                    "h": 32
                }
            },
            {
                "filename": "LIbrary_93.png",
                "rotated": false,
                "trimmed": false,
                "sourceSize": {
                    "w": 32,
                    "h": 32
                },
                "spriteSourceSize": {
                    "x": 0,
                    "y": 0,
                    "w": 32,
                    "h": 32
                },
                "frame": {
                    "x": 69,
                    "y": 205,
                    "w": 32,
                    "h": 32
                }
            },
            {
                "filename": "LIbrary_94.png",
                "rotated": false,
                "trimmed": false,
                "sourceSize": {
                    "w": 32,
                    "h": 32
                },
                "spriteSourceSize": {
                    "x": 0,
                    "y": 0,
                    "w": 32,
                    "h": 32
                },
                "frame": {
                    "x": 103,
                    "y": 205,
                    "w": 32,
                    "h": 32
                }
            },
            {
                "filename": "LIbrary_95.png",
                "rotated": false,
                "trimmed": false,
                "sourceSize": {
                    "w": 32,
                    "h": 32
                },
                "spriteSourceSize": {
                    "x": 0,
                    "y": 0,
                    "w": 32,
                    "h": 32
                },
                "frame": {
                    "x": 137,
                    "y": 205,
                    "w": 32,
                    "h": 32
                }
            },
            {
                "filename": "LIbrary_96.png",
                "rotated": false,
                "trimmed": false,
                "sourceSize": {
                    "w": 32,
                    "h": 32
                },
                "spriteSourceSize": {
                    "x": 0,
                    "y": 0,
                    "w": 32,
                    "h": 32
                },
                "frame": {
                    "x": 171,
                    "y": 205,
                    "w": 32,
                    "h": 32
                }
            },
            {
                "filename": "LIbrary_97.png",
                "rotated": false,
                "trimmed": false,
                "sourceSize": {
                    "w": 32,
                    "h": 32
                },
                "spriteSourceSize": {
                    "x": 0,
                    "y": 0,
                    "w": 32,
                    "h": 32
                },
                "frame": {
                    "x": 205,
                    "y": 205,
                    "w": 32,
                    "h": 32
                }
            },
            {
                "filename": "LIbrary_98.png",
                "rotated": false,
                "trimmed": false,
                "sourceSize": {
                    "w": 32,
                    "h": 32
                },
                "spriteSourceSize": {
                    "x": 0,
                    "y": 0,
                    "w": 32,
                    "h": 32
                },
                "frame": {
                    "x": 239,
                    "y": 205,
                    "w": 32,
                    "h": 32
                }
            },
            {
                "filename": "LIbrary_99.png",
                "rotated": false,
                "trimmed": false,
                "sourceSize": {
                    "w": 32,
                    "h": 32
                },
                "spriteSourceSize": {
                    "x": 0,
                    "y": 0,
                    "w": 32,
                    "h": 32
                },
                "frame": {
                    "x": 273,
                    "y": 205,
                    "w": 32,
                    "h": 32
                }
            },
            {
                "filename": "LIbrary_100.png",
                "rotated": false,
                "trimmed": false,
                "sourceSize": {
                    "w": 32,
                    "h": 32
                },
                "spriteSourceSize": {
                    "x": 0,
                    "y": 0,
                    "w": 32,
                    "h": 32
                },
                "frame": {
                    "x": 307,
                    "y": 205,
                    "w": 32,
                    "h": 32
                }
            },
            {
                "filename": "LIbrary_101.png",
                "rotated": false,
                "trimmed": false,
                "sourceSize": {
                    "w": 32,
                    "h": 32
                },
                "spriteSourceSize": {
                    "x": 0,
                    "y": 0,
                    "w": 32,
                    "h": 32
                },
                "frame": {
                    "x": 341,
                    "y": 205,
                    "w": 32,
                    "h": 32
                }
            },
            {
                "filename": "LIbrary_102.png",
                "rotated": false,
                "trimmed": false,
                "sourceSize": {
                    "w": 32,
                    "h": 32
                },
                "spriteSourceSize": {
                    "x": 0,
                    "y": 0,
                    "w": 32,
                    "h": 32
                },
                "frame": {
                    "x": 375,
                    "y": 205,
                    "w": 32,
                    "h": 32
                }
            },
            {
                "filename": "LIbrary_103.png",
                "rotated": false,
                "trimmed": false,
                "sourceSize": {
                    "w": 32,
                    "h": 32
                },
                "spriteSourceSize": {
                    "x": 0,
                    "y": 0,
                    "w": 32,
                    "h": 32
                },
                "frame": {
                    "x": 409,
                    "y": 205,
                    "w": 32,
                    "h": 32
                }
            },
            {
                "filename": "LIbrary_104.png",
                "rotated": false,
                "trimmed": false,
                "sourceSize": {
                    "w": 32,
                    "h": 32
                },
                "spriteSourceSize": {
                    "x": 0,
                    "y": 0,
                    "w": 32,
                    "h": 32
                },
                "frame": {
                    "x": 443,
                    "y": 205,
                    "w": 32,
                    "h": 32
                }
            },
            {
                "filename": "LIbrary_105.png",
                "rotated": false,
                "trimmed": false,
                "sourceSize": {
                    "w": 32,
                    "h": 32
                },
                "spriteSourceSize": {
                    "x": 0,
                    "y": 0,
                    "w": 32,
                    "h": 32
                },
                "frame": {
                    "x": 477,
                    "y": 205,
                    "w": 32,
                    "h": 32
                }
            },
            {
                "filename": "LIbrary_106.png",
                "rotated": false,
                "trimmed": false,
                "sourceSize": {
                    "w": 32,
                    "h": 32
                },
                "spriteSourceSize": {
                    "x": 0,
                    "y": 0,
                    "w": 32,
                    "h": 32
                },
                "frame": {
                    "x": 1,
                    "y": 239,
                    "w": 32,
                    "h": 32
                }
            },
            {
                "filename": "LIbrary_107.png",
                "rotated": false,
                "trimmed": false,
                "sourceSize": {
                    "w": 32,
                    "h": 32
                },
                "spriteSourceSize": {
                    "x": 0,
                    "y": 0,
                    "w": 32,
                    "h": 32
                },
                "frame": {
                    "x": 35,
                    "y": 239,
                    "w": 32,
                    "h": 32
                }
            },
            {
                "filename": "LIbrary_108.png",
                "rotated": false,
                "trimmed": false,
                "sourceSize": {
                    "w": 32,
                    "h": 32
                },
                "spriteSourceSize": {
                    "x": 0,
                    "y": 0,
                    "w": 32,
                    "h": 32
                },
                "frame": {
                    "x": 69,
                    "y": 239,
                    "w": 32,
                    "h": 32
                }
            },
            {
                "filename": "LIbrary_109.png",
                "rotated": false,
                "trimmed": false,
                "sourceSize": {
                    "w": 32,
                    "h": 32
                },
                "spriteSourceSize": {
                    "x": 0,
                    "y": 0,
                    "w": 32,
                    "h": 32
                },
                "frame": {
                    "x": 103,
                    "y": 239,
                    "w": 32,
                    "h": 32
                }
            },
            {
                "filename": "LIbrary_110.png",
                "rotated": false,
                "trimmed": false,
                "sourceSize": {
                    "w": 32,
                    "h": 32
                },
                "spriteSourceSize": {
                    "x": 0,
                    "y": 0,
                    "w": 32,
                    "h": 32
                },
                "frame": {
                    "x": 137,
                    "y": 239,
                    "w": 32,
                    "h": 32
                }
            },
            {
                "filename": "LIbrary_111.png",
                "rotated": false,
                "trimmed": false,
                "sourceSize": {
                    "w": 32,
                    "h": 32
                },
                "spriteSourceSize": {
                    "x": 0,
                    "y": 0,
                    "w": 32,
                    "h": 32
                },
                "frame": {
                    "x": 171,
                    "y": 239,
                    "w": 32,
                    "h": 32
                }
            },
            {
                "filename": "LIbrary_112.png",
                "rotated": false,
                "trimmed": false,
                "sourceSize": {
                    "w": 32,
                    "h": 32
                },
                "spriteSourceSize": {
                    "x": 0,
                    "y": 0,
                    "w": 32,
                    "h": 32
                },
                "frame": {
                    "x": 205,
                    "y": 239,
                    "w": 32,
                    "h": 32
                }
            },
            {
                "filename": "LIbrary_113.png",
                "rotated": false,
                "trimmed": false,
                "sourceSize": {
                    "w": 32,
                    "h": 32
                },
                "spriteSourceSize": {
                    "x": 0,
                    "y": 0,
                    "w": 32,
                    "h": 32
                },
                "frame": {
                    "x": 239,
                    "y": 239,
                    "w": 32,
                    "h": 32
                }
            },
            {
                "filename": "LIbrary_114.png",
                "rotated": false,
                "trimmed": false,
                "sourceSize": {
                    "w": 32,
                    "h": 32
                },
                "spriteSourceSize": {
                    "x": 0,
                    "y": 0,
                    "w": 32,
                    "h": 32
                },
                "frame": {
                    "x": 273,
                    "y": 239,
                    "w": 32,
                    "h": 32
                }
            },
            {
                "filename": "LIbrary_115.png",
                "rotated": false,
                "trimmed": false,
                "sourceSize": {
                    "w": 32,
                    "h": 32
                },
                "spriteSourceSize": {
                    "x": 0,
                    "y": 0,
                    "w": 32,
                    "h": 32
                },
                "frame": {
                    "x": 307,
                    "y": 239,
                    "w": 32,
                    "h": 32
                }
            },
            {
                "filename": "LIbrary_116.png",
                "rotated": false,
                "trimmed": false,
                "sourceSize": {
                    "w": 32,
                    "h": 32
                },
                "spriteSourceSize": {
                    "x": 0,
                    "y": 0,
                    "w": 32,
                    "h": 32
                },
                "frame": {
                    "x": 341,
                    "y": 239,
                    "w": 32,
                    "h": 32
                }
            },
            {
                "filename": "LIbrary_117.png",
                "rotated": false,
                "trimmed": false,
                "sourceSize": {
                    "w": 32,
                    "h": 32
                },
                "spriteSourceSize": {
                    "x": 0,
                    "y": 0,
                    "w": 32,
                    "h": 32
                },
                "frame": {
                    "x": 375,
                    "y": 239,
                    "w": 32,
                    "h": 32
                }
            },
            {
                "filename": "LIbrary_118.png",
                "rotated": false,
                "trimmed": false,
                "sourceSize": {
                    "w": 32,
                    "h": 32
                },
                "spriteSourceSize": {
                    "x": 0,
                    "y": 0,
                    "w": 32,
                    "h": 32
                },
                "frame": {
                    "x": 409,
                    "y": 239,
                    "w": 32,
                    "h": 32
                }
            },
            {
                "filename": "LIbrary_119.png",
                "rotated": false,
                "trimmed": false,
                "sourceSize": {
                    "w": 32,
                    "h": 32
                },
                "spriteSourceSize": {
                    "x": 0,
                    "y": 0,
                    "w": 32,
                    "h": 32
                },
                "frame": {
                    "x": 443,
                    "y": 239,
                    "w": 32,
                    "h": 32
                }
            },
            {
                "filename": "LIbrary_120.png",
                "rotated": false,
                "trimmed": false,
                "sourceSize": {
                    "w": 32,
                    "h": 32
                },
                "spriteSourceSize": {
                    "x": 0,
                    "y": 0,
                    "w": 32,
                    "h": 32
                },
                "frame": {
                    "x": 477,
                    "y": 239,
                    "w": 32,
                    "h": 32
                }
            },
            {
                "filename": "LIbrary_121.png",
                "rotated": false,
                "trimmed": false,
                "sourceSize": {
                    "w": 32,
                    "h": 32
                },
                "spriteSourceSize": {
                    "x": 0,
                    "y": 0,
                    "w": 32,
                    "h": 32
                },
                "frame": {
                    "x": 1,
                    "y": 273,
                    "w": 32,
                    "h": 32
                }
            },
            {
                "filename": "LIbrary_122.png",
                "rotated": false,
                "trimmed": false,
                "sourceSize": {
                    "w": 32,
                    "h": 32
                },
                "spriteSourceSize": {
                    "x": 0,
                    "y": 0,
                    "w": 32,
                    "h": 32
                },
                "frame": {
                    "x": 35,
                    "y": 273,
                    "w": 32,
                    "h": 32
                }
            },
            {
                "filename": "LIbrary_123.png",
                "rotated": false,
                "trimmed": false,
                "sourceSize": {
                    "w": 32,
                    "h": 32
                },
                "spriteSourceSize": {
                    "x": 0,
                    "y": 0,
                    "w": 32,
                    "h": 32
                },
                "frame": {
                    "x": 69,
                    "y": 273,
                    "w": 32,
                    "h": 32
                }
            },
            {
                "filename": "LIbrary_124.png",
                "rotated": false,
                "trimmed": false,
                "sourceSize": {
                    "w": 32,
                    "h": 32
                },
                "spriteSourceSize": {
                    "x": 0,
                    "y": 0,
                    "w": 32,
                    "h": 32
                },
                "frame": {
                    "x": 103,
                    "y": 273,
                    "w": 32,
                    "h": 32
                }
            },
            {
                "filename": "LIbrary_125.png",
                "rotated": false,
                "trimmed": false,
                "sourceSize": {
                    "w": 32,
                    "h": 32
                },
                "spriteSourceSize": {
                    "x": 0,
                    "y": 0,
                    "w": 32,
                    "h": 32
                },
                "frame": {
                    "x": 137,
                    "y": 273,
                    "w": 32,
                    "h": 32
                }
            },
            {
                "filename": "LIbrary_126.png",
                "rotated": false,
                "trimmed": false,
                "sourceSize": {
                    "w": 32,
                    "h": 32
                },
                "spriteSourceSize": {
                    "x": 0,
                    "y": 0,
                    "w": 32,
                    "h": 32
                },
                "frame": {
                    "x": 171,
                    "y": 273,
                    "w": 32,
                    "h": 32
                }
            },
            {
                "filename": "LIbrary_127.png",
                "rotated": false,
                "trimmed": false,
                "sourceSize": {
                    "w": 32,
                    "h": 32
                },
                "spriteSourceSize": {
                    "x": 0,
                    "y": 0,
                    "w": 32,
                    "h": 32
                },
                "frame": {
                    "x": 205,
                    "y": 273,
                    "w": 32,
                    "h": 32
                }
            },
            {
                "filename": "LIbrary_128.png",
                "rotated": false,
                "trimmed": false,
                "sourceSize": {
                    "w": 32,
                    "h": 32
                },
                "spriteSourceSize": {
                    "x": 0,
                    "y": 0,
                    "w": 32,
                    "h": 32
                },
                "frame": {
                    "x": 239,
                    "y": 273,
                    "w": 32,
                    "h": 32
                }
            },
            {
                "filename": "LIbrary_129.png",
                "rotated": false,
                "trimmed": false,
                "sourceSize": {
                    "w": 32,
                    "h": 32
                },
                "spriteSourceSize": {
                    "x": 0,
                    "y": 0,
                    "w": 32,
                    "h": 32
                },
                "frame": {
                    "x": 273,
                    "y": 273,
                    "w": 32,
                    "h": 32
                }
            },
            {
                "filename": "LIbrary_130.png",
                "rotated": false,
                "trimmed": false,
                "sourceSize": {
                    "w": 32,
                    "h": 32
                },
                "spriteSourceSize": {
                    "x": 0,
                    "y": 0,
                    "w": 32,
                    "h": 32
                },
                "frame": {
                    "x": 307,
                    "y": 273,
                    "w": 32,
                    "h": 32
                }
            },
            {
                "filename": "LIbrary_131.png",
                "rotated": false,
                "trimmed": false,
                "sourceSize": {
                    "w": 32,
                    "h": 32
                },
                "spriteSourceSize": {
                    "x": 0,
                    "y": 0,
                    "w": 32,
                    "h": 32
                },
                "frame": {
                    "x": 341,
                    "y": 273,
                    "w": 32,
                    "h": 32
                }
            },
            {
                "filename": "LIbrary_132.png",
                "rotated": false,
                "trimmed": false,
                "sourceSize": {
                    "w": 32,
                    "h": 32
                },
                "spriteSourceSize": {
                    "x": 0,
                    "y": 0,
                    "w": 32,
                    "h": 32
                },
                "frame": {
                    "x": 375,
                    "y": 273,
                    "w": 32,
                    "h": 32
                }
            },
            {
                "filename": "LIbrary_133.png",
                "rotated": false,
                "trimmed": false,
                "sourceSize": {
                    "w": 32,
                    "h": 32
                },
                "spriteSourceSize": {
                    "x": 0,
                    "y": 0,
                    "w": 32,
                    "h": 32
                },
                "frame": {
                    "x": 409,
                    "y": 273,
                    "w": 32,
                    "h": 32
                }
            },
            {
                "filename": "LIbrary_134.png",
                "rotated": false,
                "trimmed": false,
                "sourceSize": {
                    "w": 32,
                    "h": 32
                },
                "spriteSourceSize": {
                    "x": 0,
                    "y": 0,
                    "w": 32,
                    "h": 32
                },
                "frame": {
                    "x": 443,
                    "y": 273,
                    "w": 32,
                    "h": 32
                }
            },
            {
                "filename": "LIbrary_135.png",
                "rotated": false,
                "trimmed": false,
                "sourceSize": {
                    "w": 32,
                    "h": 32
                },
                "spriteSourceSize": {
                    "x": 0,
                    "y": 0,
                    "w": 32,
                    "h": 32
                },
                "frame": {
                    "x": 477,
                    "y": 273,
                    "w": 32,
                    "h": 32
                }
            },
            {
                "filename": "LIbrary_136.png",
                "rotated": false,
                "trimmed": false,
                "sourceSize": {
                    "w": 32,
                    "h": 32
                },
                "spriteSourceSize": {
                    "x": 0,
                    "y": 0,
                    "w": 32,
                    "h": 32
                },
                "frame": {
                    "x": 1,
                    "y": 307,
                    "w": 32,
                    "h": 32
                }
            },
            {
                "filename": "LIbrary_137.png",
                "rotated": false,
                "trimmed": false,
                "sourceSize": {
                    "w": 32,
                    "h": 32
                },
                "spriteSourceSize": {
                    "x": 0,
                    "y": 0,
                    "w": 32,
                    "h": 32
                },
                "frame": {
                    "x": 35,
                    "y": 307,
                    "w": 32,
                    "h": 32
                }
            },
            {
                "filename": "LIbrary_138.png",
                "rotated": false,
                "trimmed": false,
                "sourceSize": {
                    "w": 32,
                    "h": 32
                },
                "spriteSourceSize": {
                    "x": 0,
                    "y": 0,
                    "w": 32,
                    "h": 32
                },
                "frame": {
                    "x": 69,
                    "y": 307,
                    "w": 32,
                    "h": 32
                }
            },
            {
                "filename": "LIbrary_139.png",
                "rotated": false,
                "trimmed": false,
                "sourceSize": {
                    "w": 32,
                    "h": 32
                },
                "spriteSourceSize": {
                    "x": 0,
                    "y": 0,
                    "w": 32,
                    "h": 32
                },
                "frame": {
                    "x": 103,
                    "y": 307,
                    "w": 32,
                    "h": 32
                }
            },
            {
                "filename": "LIbrary_140.png",
                "rotated": false,
                "trimmed": false,
                "sourceSize": {
                    "w": 32,
                    "h": 32
                },
                "spriteSourceSize": {
                    "x": 0,
                    "y": 0,
                    "w": 32,
                    "h": 32
                },
                "frame": {
                    "x": 137,
                    "y": 307,
                    "w": 32,
                    "h": 32
                }
            },
            {
                "filename": "LIbrary_141.png",
                "rotated": false,
                "trimmed": false,
                "sourceSize": {
                    "w": 32,
                    "h": 32
                },
                "spriteSourceSize": {
                    "x": 0,
                    "y": 0,
                    "w": 32,
                    "h": 32
                },
                "frame": {
                    "x": 171,
                    "y": 307,
                    "w": 32,
                    "h": 32
                }
            },
            {
                "filename": "LIbrary_142.png",
                "rotated": false,
                "trimmed": false,
                "sourceSize": {
                    "w": 32,
                    "h": 32
                },
                "spriteSourceSize": {
                    "x": 0,
                    "y": 0,
                    "w": 32,
                    "h": 32
                },
                "frame": {
                    "x": 205,
                    "y": 307,
                    "w": 32,
                    "h": 32
                }
            },
            {
                "filename": "LIbrary_143.png",
                "rotated": false,
                "trimmed": false,
                "sourceSize": {
                    "w": 32,
                    "h": 32
                },
                "spriteSourceSize": {
                    "x": 0,
                    "y": 0,
                    "w": 32,
                    "h": 32
                },
                "frame": {
                    "x": 239,
                    "y": 307,
                    "w": 32,
                    "h": 32
                }
            },
            {
                "filename": "LIbrary_144.png",
                "rotated": false,
                "trimmed": false,
                "sourceSize": {
                    "w": 32,
                    "h": 32
                },
                "spriteSourceSize": {
                    "x": 0,
                    "y": 0,
                    "w": 32,
                    "h": 32
                },
                "frame": {
                    "x": 273,
                    "y": 307,
                    "w": 32,
                    "h": 32
                }
            },
            {
                "filename": "LIbrary_145.png",
                "rotated": false,
                "trimmed": false,
                "sourceSize": {
                    "w": 32,
                    "h": 32
                },
                "spriteSourceSize": {
                    "x": 0,
                    "y": 0,
                    "w": 32,
                    "h": 32
                },
                "frame": {
                    "x": 307,
                    "y": 307,
                    "w": 32,
                    "h": 32
                }
            },
            {
                "filename": "LIbrary_146.png",
                "rotated": false,
                "trimmed": false,
                "sourceSize": {
                    "w": 32,
                    "h": 32
                },
                "spriteSourceSize": {
                    "x": 0,
                    "y": 0,
                    "w": 32,
                    "h": 32
                },
                "frame": {
                    "x": 341,
                    "y": 307,
                    "w": 32,
                    "h": 32
                }
            },
            {
                "filename": "LIbrary_147.png",
                "rotated": false,
                "trimmed": false,
                "sourceSize": {
                    "w": 32,
                    "h": 32
                },
                "spriteSourceSize": {
                    "x": 0,
                    "y": 0,
                    "w": 32,
                    "h": 32
                },
                "frame": {
                    "x": 375,
                    "y": 307,
                    "w": 32,
                    "h": 32
                }
            },
            {
                "filename": "LIbrary_148.png",
                "rotated": false,
                "trimmed": false,
                "sourceSize": {
                    "w": 32,
                    "h": 32
                },
                "spriteSourceSize": {
                    "x": 0,
                    "y": 0,
                    "w": 32,
                    "h": 32
                },
                "frame": {
                    "x": 409,
                    "y": 307,
                    "w": 32,
                    "h": 32
                }
            },
            {
                "filename": "LIbrary_149.png",
                "rotated": false,
                "trimmed": false,
                "sourceSize": {
                    "w": 32,
                    "h": 32
                },
                "spriteSourceSize": {
                    "x": 0,
                    "y": 0,
                    "w": 32,
                    "h": 32
                },
                "frame": {
                    "x": 443,
                    "y": 307,
                    "w": 32,
                    "h": 32
                }
            },
            {
                "filename": "LIbrary_150.png",
                "rotated": false,
                "trimmed": false,
                "sourceSize": {
                    "w": 32,
                    "h": 32
                },
                "spriteSourceSize": {
                    "x": 0,
                    "y": 0,
                    "w": 32,
                    "h": 32
                },
                "frame": {
                    "x": 477,
                    "y": 307,
                    "w": 32,
                    "h": 32
                }
            }
        ]
    }],
    "meta": {
        "app": "https://www.codeandweb.com/texturepacker",
        "version": "3.0",
        "smartupdate": "$TexturePacker:SmartUpdate:cd53cfa8b89ec7611bc2f5255ef77aee:4d4d9302dd6e27489862403d6f8ff63f:02cbd78a632faa7c95981e31ee84049a$"
    }
}